Date,Realised_Volatility,GARCH_Forecast,GARCH_Binary,True_Target
2021-11-30,0.01026205553915,0.008374183780147204,1,1
2021-12-01,0.009383760273186,0.008252623011407613,0,0
2021-12-02,0.0086361228916981,0.00832352133505341,0,0
2021-12-03,0.0106461434210677,0.008188228696259833,0,1
2021-12-06,0.017307145388053,0.008363681170009102,0,1
2021-12-07,0.010785862031727,0.008245312334697568,0,0
2021-12-08,0.0056152128533455,0.008975526438803845,0,0
2021-12-09,0.0052328303727053,0.008812247172415515,1,0
2021-12-10,0.0071859685089472,0.008907455395591166,1,1
2021-12-13,0.0108839755805692,0.008700654938556467,1,1
2021-12-14,0.0103418249842381,0.00928839711422428,0,0
2021-12-15,0.0134998950268249,0.009053383983765066,0,1
2021-12-16,0.0134096095379909,0.009601516526357563,0,0
2021-12-17,0.0090812185838067,0.010118462294165166,0,0
2021-12-20,0.0134082717346286,0.009925090674444388,1,1
2021-12-21,0.0101081195374664,0.00966820941783091,0,0
2021-12-22,0.0057606494891077,0.009743770082512454,0,0
2021-12-23,0.0039721867447725,0.009505779344085438,1,0
2021-12-27,0.0066194138942664,0.009268779987355364,1,1
2021-12-28,0.0064983912867569,0.009303309209958904,1,0
2021-12-29,0.0041705387947067,0.009139089069220174,1,0
2021-12-30,0.0053514387528695,0.008929697815078417,1,1
2021-12-31,0.0034080633250626,0.008741716317315198,1,0
2022-01-03,0.0070082997181537,0.008530726439397604,1,1
2022-01-04,0.0122269326310778,0.008402360991181045,1,1
2022-01-05,0.0079480614554037,0.008337763850792854,0,0
2022-01-06,0.0065732258868834,0.008741132342662548,1,0
2022-01-07,0.0099997912614002,0.008582622258131294,1,1
2022-01-10,0.0108858021081733,0.0085694836156673,0,1
2022-01-11,0.0085945778684101,0.008357986992761378,0,0
2022-01-12,0.0047945598690224,0.008182195731257525,0,0
2022-01-13,0.0097889304505485,0.00798346499346716,1,1
2022-01-14,0.0114833363338185,0.008285505955631385,0,1
2022-01-18,0.0086055528308128,0.008106169239723886,0,0
2022-01-19,0.0122183152584493,0.008192004562719575,0,1
2022-01-20,0.0098725263874926,0.008189626421143776,0,0
2022-01-21,0.0084122018142395,0.008242292910169775,0,0
2022-01-24,0.0163249990202653,0.0082352407375702,0,1
2022-01-25,0.0163713613886491,0.008031194032814442,0,1
2022-01-26,0.0131498075217517,0.008219830569361002,0,0
2022-01-27,0.0094370129784002,0.008076044224414294,0,0
2022-01-28,0.0169486127414503,0.008132094139335893,0,1
2022-01-31,0.0075898229168017,0.008191192504871719,0,0
2022-02-01,0.0158421987786343,0.008767938650382012,1,1
2022-02-02,0.0113761793937406,0.00855239305310712,0,0
2022-02-03,0.0105997232467013,0.00842692068454626,0,0
2022-02-04,0.0086734497770857,0.008698028647741976,0,0
2022-02-07,0.0061421146606962,0.008513393800913571,0,0
2022-02-08,0.0078279367786893,0.008341283954809488,1,1
2022-02-09,0.0082808800113477,0.008167745747240896,1,1
2022-02-10,0.009039815890095,0.008581233724434407,1,1
2022-02-11,0.0108820086399257,0.008567684171000517,0,1
2022-02-14,0.0143542210859064,0.009288859183224741,0,1
2022-02-15,0.0130139681106373,0.009075773909508643,0,0
2022-02-16,0.0112244765486004,0.009971146656658129,0,0
2022-02-17,0.0125074957084067,0.009714567451386965,0,1
2022-02-18,0.0134099782045076,0.010382502478497896,0,1
2022-02-22,0.0114508930338286,0.01030950543460644,0,0
2022-02-23,0.0085357511898684,0.010062980374969228,0,0
2022-02-24,0.0202468470554009,0.0100970971037699,1,1
2022-02-25,0.0093418207499244,0.010311690667658843,0,0
2022-02-28,0.0112928437066397,0.01008045315620333,1,1
2022-03-01,0.0068674568576584,0.009830880934897498,0,0
2022-03-02,0.0056767924240002,0.009805311424949366,1,0
2022-03-03,0.0114908535138564,0.009686589557151803,1,1
2022-03-04,0.0103986009090668,0.009514723971079877,0,0
2022-03-07,0.0110765468978255,0.00945408978527949,0,1
2022-03-08,0.0144901216210806,0.009996735511091669,0,1
2022-03-09,0.0090341501040595,0.009746444089050435,0,0
2022-03-10,0.0077361889643974,0.010130857633159396,1,0
2022-03-11,0.008262680265409,0.009911690755683034,1,1
2022-03-14,0.0104482810968234,0.009758831766805965,1,1
2022-03-15,0.0118317679398271,0.009708959020994619,0,1
2022-03-16,0.0096659220554181,0.010229036596313848,0,0
2022-03-17,0.0087324048241211,0.010518717311678727,1,0
2022-03-18,0.0145393074340933,0.0102596487029881,1,1
2022-03-21,0.0115083155282004,0.010576242344037045,0,0
2022-03-22,0.006719173903969,0.010314384364704336,0,0
2022-03-23,0.0096035336776643,0.010060886707925066,1,1
2022-03-24,0.0104158228800734,0.009983523039329182,1,1
2022-03-25,0.0059037155146263,0.010906535828115594,1,0
2022-03-28,0.0075250742893172,0.010665648949938537,1,1
2022-03-29,0.0072652996341653,0.01043265354219118,1,0
2022-03-30,0.0049194458159545,0.010192023922279386,1,0
2022-03-31,0.0078831058924281,0.010110649802335562,1,1
2022-04-01,0.0075520839115207,0.009888781323479194,1,0
2022-04-04,0.0072996255466086,0.009710995011295697,1,0
2022-04-05,0.0066530933727662,0.009540218735934245,1,0
2022-04-06,0.0093947187740991,0.009747266712220926,1,1
2022-04-07,0.0100670013285619,0.010054260234201588,1,1
2022-04-08,0.0108717986508883,0.009810514442518728,0,1
2022-04-11,0.0086594583123885,0.00988681021793474,0,0
2022-04-12,0.0127644534593561,0.010065199942134211,1,1
2022-04-13,0.0065365109490709,0.009867434199582982,0,0
2022-04-14,0.0074995088536958,0.009754374528551478,1,1
2022-04-18,0.0085317125906065,0.009800071481834554,1,1
2022-04-19,0.0083720655605218,0.009629789136686181,1,0
2022-04-20,0.0114800351078281,0.009431434203177526,1,1
2022-04-21,0.0089500556912952,0.009369114950623687,0,0
2022-04-22,0.0051603643211559,0.009739996127308827,1,0
2022-04-25,0.0067578259935178,0.00967238714360554,1,1
2022-04-26,0.0149477352453366,0.00947738028576313,1,1
2022-04-27,0.0116468418628171,0.009753811519688042,0,0
2022-04-28,0.0123586449371734,0.009573181916139088,0,1
2022-04-29,0.0144660750061919,0.010053793961094114,0,1
2022-05-02,0.0126096714016967,0.010404505355509798,0,0
2022-05-03,0.0068759084478244,0.010490989406048094,0,0
2022-05-04,0.0140733842874365,0.010222714656957206,1,1
2022-05-05,0.0125337846936341,0.010138746851375552,0,0
2022-05-06,0.015935692800783,0.010706903725655026,0,1
2022-05-09,0.0116831373834722,0.010445994252695032,0,0
2022-05-10,0.0136986912977751,0.011449893141350396,0,1
2022-05-11,0.0154861511370007,0.011320016102574486,0,1
2022-05-12,0.0214620733888728,0.011452913841820758,0,1
2022-05-13,0.009124490938751,0.011263208514450136,0,0
2022-05-16,0.0095392530461958,0.011971064118270605,1,1
2022-05-17,0.0112040198707493,0.011744501575692358,1,1
2022-05-18,0.0134182204671887,0.011754374132108851,1,1
2022-05-19,0.0109191632196104,0.012084113807181477,0,0
2022-05-20,0.0169318601672071,0.011777729410133645,1,1
2022-05-23,0.0088632938106984,0.01155954547590009,0,0
2022-05-24,0.0126482262294412,0.011273806576194865,1,1
2022-05-25,0.0197702635841994,0.011258507747226172,0,1
2022-05-26,0.0145295617829367,0.011268889623041777,0,0
2022-05-27,0.0065122567803174,0.01128784396926348,0,0
2022-05-31,0.0077308658811295,0.011332064898079263,1,1
2022-06-01,0.0087171090907858,0.011047287261047175,1,1
2022-06-02,0.008997745985092,0.010816173176425404,1,1
2022-06-03,0.00836251199556,0.011112410426524243,1,0
2022-06-06,0.0082909078264253,0.01111141711917527,1,0
2022-06-07,0.0054416576591772,0.0108241960966547,1,0
2022-06-08,0.0055880340218615,0.010549473390382928,1,1
2022-06-09,0.0073102376144853,0.010312947753152779,1,1
2022-06-10,0.0115628858708881,0.010210854321761737,1,1
2022-06-13,0.01369492333685,0.01049891384538214,0,1
2022-06-14,0.0059391513560571,0.011145383025036624,0,0
2022-06-15,0.0049859835017523,0.010872639882793647,1,0
2022-06-16,0.0149256752060249,0.010822304187314908,1,1
2022-06-17,0.0074269918965676,0.011005213032997544,0,0
2022-06-21,0.0121020692694409,0.010757413537514094,1,1
2022-06-22,0.009938827118586,0.0107080004715171,0,0
2022-06-23,0.0090471612606593,0.010458129963487415,1,0
2022-06-24,0.0087075446408515,0.010201681109872324,1,0
2022-06-27,0.0088808495365289,0.010333931937611826,1,1
2022-06-28,0.0086347616897139,0.010106294517651812,1,0
2022-06-29,0.0076991590033969,0.010282363909808528,1,0
2022-06-30,0.0094360962999442,0.01013921187362217,1,1
2022-07-01,0.0056119121905774,0.009978001632897162,1,0
2022-07-05,0.0082108766033517,0.010005009988770897,1,1
2022-07-06,0.0067470271256924,0.009868638781299906,1,0
2022-07-07,0.0061176851101196,0.009629654894147672,1,0
2022-07-08,0.0086955275335766,0.009698446012569396,1,1
2022-07-11,0.0088818239241677,0.00945056691750329,1,1
2022-07-12,0.006232707973961,0.009527428003895713,1,0
2022-07-13,0.0112223302751909,0.009288510816947603,1,1
2022-07-14,0.0084437990977493,0.009052417200136713,0,0
2022-07-15,0.0033294320817997,0.008844189301777725,1,0
2022-07-18,0.0119230098242673,0.00871186306401493,1,1
2022-07-19,0.0065466689375599,0.008555771429140772,0,0
2022-07-20,0.0119638584267121,0.008808179182207719,1,1
2022-07-21,0.0057450450531883,0.008926660388537176,0,0
2022-07-22,0.0072019568812224,0.008723480272801036,1,1
2022-07-25,0.0064717483228337,0.00880469617522196,1,0
2022-07-26,0.0060100836963905,0.008637417524747233,1,0
2022-07-27,0.0081543144605309,0.00857628593282495,1,1
2022-07-28,0.0049567211678903,0.009204576484379622,1,0
2022-07-29,0.0029658565595085,0.008986455426445234,1,0
2022-08-01,0.0090418403240781,0.008771316395592905,1,1
2022-08-02,0.0092806019142709,0.008581594838585189,0,1
2022-08-03,0.0041048521397133,0.008365777817147027,0,0
2022-08-04,0.0046205333295071,0.0082126676968006,1,1
2022-08-05,0.0077983186672418,0.008047675543831278,1,1
2022-08-08,0.0163331775307665,0.007874269225414456,1,1
2022-08-09,0.0077950712894189,0.008462756547409182,0,0
2022-08-10,0.0107267968526248,0.008546749936531352,1,1
2022-08-11,0.0055928207641837,0.008854410820774532,0,0
2022-08-12,0.0054583556217682,0.00864830335779986,1,0
2022-08-15,0.00721491854766,0.008703870711155042,1,1
2022-08-16,0.0056545321845652,0.008527488945233964,1,0
2022-08-17,0.0056420650015323,0.008328851001012492,1,0
2022-08-18,0.0050761212794994,0.00828186376074484,1,0
2022-08-19,0.007186061272365,0.008161989651907878,1,1
2022-08-22,0.0065881865619995,0.008422482485799323,1,0
2022-08-23,0.0049179505248457,0.008599453527830127,1,0
2022-08-24,0.0091557424888002,0.008394191617114488,1,1
2022-08-25,0.0107945915186051,0.00818536867306794,0,1
2022-08-26,0.0116949687174662,0.008234693669308206,0,1
2022-08-29,0.0067621905383955,0.009569160605903938,0,0
2022-08-30,0.0083054327684738,0.009462563040967991,1,1
2022-08-31,0.0134726458473578,0.009302265122588034,1,1
2022-09-01,0.0147758006333424,0.009171300432480446,0,1
2022-09-02,0.0090601067108365,0.009921903827949581,0,0
2022-09-06,0.0056997463345517,0.009743188872251776,1,0
2022-09-07,0.0048988975808667,0.009529588191804578,1,0
2022-09-08,0.0054395174608635,0.009334885032212897,1,1
2022-09-09,0.0033688119057479,0.009155411467504744,1,0
2022-09-12,0.0048285530502179,0.009038827501145938,1,1
2022-09-13,0.0156975281263481,0.008821608825636387,1,1
2022-09-14,0.0064314266532448,0.010123936264195478,0,0
2022-09-15,0.0086848245672431,0.0098686717734404,1,1
2022-09-16,0.0055229853818794,0.009660829941088259,1,0
2022-09-19,0.0086293325115953,0.009475215685970099,1,1
2022-09-20,0.0072853182658281,0.009263479788224267,1,0
2022-09-21,0.0137742887820279,0.009076761435501296,1,1
2022-09-22,0.0113707380237882,0.008856353241631018,0,0
2022-09-23,0.0068941405113363,0.00912095757516947,0,0
2022-09-26,0.0066822572005079,0.00889890405878407,1,0
2022-09-27,0.0071967968212337,0.008774836057711987,1,1
2022-09-28,0.0095422937109146,0.00858924992428478,1,1
2022-09-29,0.0083227702519377,0.008476621305484006,0,0
2022-09-30,0.0087140607061571,0.008568782673142919,1,1
2022-10-03,0.0063649155234666,0.008368095969987452,0,0
2022-10-04,0.0080895839870139,0.008305389478717397,1,1
2022-10-05,0.0079390822177352,0.00851804020685274,1,0
2022-10-06,0.0106435763285699,0.008309444327364135,1,1
2022-10-07,0.0056036336468225,0.008114353511730964,0,0
2022-10-10,0.0124429312393221,0.009096145634869318,1,1
2022-10-11,0.0108463069798786,0.009066087263451181,0,0
2022-10-12,0.0072919834740576,0.008854137638044955,0,0
2022-10-13,0.0171614719306749,0.00864893789984089,1,1
2022-10-14,0.0144839547465016,0.008671032892137252,0,0
2022-10-17,0.0108103253584076,0.00911472131358032,0,0
2022-10-18,0.0094024283397198,0.009367434734987279,0,0
2022-10-19,0.0085599483540728,0.009140431675252123,0,0
2022-10-20,0.0129004573849768,0.008920776027922656,1,1
2022-10-21,0.0089097582302047,0.008719788964405844,0,0
2022-10-24,0.0085520201387418,0.008576597193792886,0,0
2022-10-25,0.0110488329765925,0.008381512535478893,0,1
2022-10-26,0.012026973669423,0.008589804025203318,0,1
2022-10-27,0.0114096928370847,0.008519059580352005,0,0
2022-10-28,0.0081674038286003,0.008378923337675826,0,0
2022-10-31,0.0074204991308624,0.00854787648349194,1,0
2022-11-01,0.0079320062108186,0.0084498255538155,1,1
2022-11-02,0.0107514152863819,0.008244736175187372,1,1
2022-11-03,0.0137652232943185,0.008154857360805635,0,1
2022-11-04,0.0098959917179926,0.00799004914157782,0,0
2022-11-07,0.0048042915321552,0.008264169763120242,0,0
2022-11-08,0.0075061293685724,0.008077023294554377,1,1
2022-11-09,0.0073039936194341,0.007947779455656487,1,0
2022-11-10,0.0209316761220165,0.00836291619010892,1,1
2022-11-11,0.0052583733637594,0.010732074430205891,0,0
2022-11-14,0.0061563788580162,0.010624337164105567,1,1
2022-11-15,0.0100315410253053,0.010358276156968604,1,1
2022-11-16,0.0089257369492696,0.010162614067830731,1,0
2022-11-17,0.0082389327794754,0.010225761496890255,1,0
2022-11-18,0.0084563693010266,0.010007688728816199,1,1
2022-11-21,0.0037896999943342,0.009809180334333539,1,0
2022-11-22,0.0077388267849393,0.009575912272854079,1,1
2022-11-23,0.0062476988439926,0.00963199219293908,1,0
2022-11-25,0.0026634503933001,0.009512552779349436,1,0
2022-11-28,0.0073009111636462,0.009320129701562204,1,1
2022-11-29,0.0042294927805639,0.009217810891589904,1,0
2022-11-30,0.0114841593409396,0.009020133910423514,1,1
2022-12-01,0.00639872358966,0.00969594830670482,0,0
2022-12-02,0.0077097630875429,0.009476952840662956,1,1
2022-12-05,0.0037276686310209,0.009286286560745,1,0
2022-12-06,0.0079514810948585,0.009104927578714157,1,1
2022-12-07,0.0052637768983213,0.009121002510402676,1,0
2022-12-08,0.0078322160568232,0.008907447371208589,1,1
2022-12-09,0.0077040404978577,0.009273777274456484,1,0
2022-12-12,0.0042870911164198,0.009067302459740635,1,0
2022-12-13,0.0124943162303986,0.00898242079388431,1,1
2022-12-14,0.0088366756186202,0.008894087938763335,0,0
2022-12-15,0.0086274649936659,0.008765785936173241,0,0
2022-12-16,0.0074487718972596,0.008844285440746917,1,0
2022-12-19,0.0067170082457658,0.008721151601263844,1,0
2022-12-20,0.003277991151715,0.008578243253652024,1,0
2022-12-21,0.004365342290378,0.008393614922782643,1,1
2022-12-22,0.0112671062280167,0.008289258775874475,1,1
2022-12-23,0.0059502867813941,0.008974535692511417,0,0
2022-12-27,0.0105745076031417,0.008773545047359893,1,1
2022-12-28,0.0063085802306471,0.009421534468583513,0,0
2022-12-29,0.0055839997369361,0.009201172814210507,1,0
2022-12-30,0.0053313324793154,0.009199626938484166,1,0
2023-01-03,0.0097457278729414,0.008977717540296927,1,1
2023-01-04,0.0066269040198455,0.008835677271307022,0,0
2023-01-05,0.0075951014464613,0.008751519632816096,1,1
2023-01-06,0.0119211864042678,0.00872971721050259,1,1
2023-01-09,0.0103659406026881,0.008766321959471107,0,0
2023-01-10,0.0057011648676583,0.008932552988216916,0,0
2023-01-11,0.0044665526647597,0.008760444880574309,1,0
2023-01-12,0.0128865451707741,0.008553471155168982,1,1
2023-01-13,0.0078595803065814,0.008494842475975163,0,0
2023-01-17,0.0084251335384819,0.008369980719797927,1,1
2023-01-18,0.0042248962046511,0.008502629990981106,1,0
2023-01-19,0.0050161386946083,0.008363023070464685,1,1
2023-01-20,0.0074146205808106,0.008389411507172076,1,1
2023-01-23,0.008596026023468,0.008781534641098142,1,1
2023-01-24,0.0080071034655864,0.009354761794311071,1,0
2023-01-25,0.0048979897250402,0.009129897777253718,1,0
2023-01-26,0.00687398518343,0.008911054637187003,1,1
2023-01-27,0.0071593099924724,0.008780932458004034,1,1
2023-01-30,0.0078497816536855,0.008683036591324172,1,1
2023-01-31,0.0092339469933384,0.009072709694866512,1,1
2023-02-01,0.0113317611309191,0.008904991080953743,0,1
2023-02-02,0.0134701559780173,0.009390349099503065,0,1
2023-02-03,0.0068072015905296,0.009340186137584626,0,0
2023-02-06,0.008699366940238,0.00924598137755976,1,1
2023-02-07,0.011930021759435,0.009024108346350715,1,1
2023-02-08,0.0064356358942951,0.009167637138830441,0,0
2023-02-09,0.0074699818243109,0.008947451536075178,1,1
2023-02-10,0.0080182515966824,0.008736544941894991,1,1
2023-02-13,0.0054392728588209,0.008923259354392808,1,0
2023-02-14,0.0105213055024567,0.008791463792817703,1,1
2023-02-15,0.0064820908270109,0.008991591401138583,0,0
2023-02-16,0.007564918374255,0.008792799983656367,1,1
2023-02-17,0.0066099611295225,0.008777261446064798,1,0
2023-02-21,0.00734544375326,0.008704609778406288,1,1
2023-02-22,0.0187237542470371,0.008702277023408528,1,1
2023-02-23,0.0094162267491325,0.00849666154544854,0,0
2023-02-24,0.006622800053031,0.010701497120987929,1,0
2023-02-27,0.0046597569927484,0.010478563552952116,1,0
2023-02-28,0.0060843133587346,0.010231363758331176,1,1
2023-03-01,0.004086518120798,0.010008434882974726,1,0
2023-03-02,0.0065682165154279,0.009846024530671973,1,1
2023-03-03,0.004256435531983,0.00970082391881782,1,0
2023-03-06,0.0061218328485544,0.009544518669568606,1,1
2023-03-07,0.0066455840891501,0.009351166574093347,1,1
2023-03-08,0.0055651033487109,0.00915220720651125,1,0
2023-03-09,0.0064080666590442,0.009130981950210415,1,1
2023-03-10,0.0084257135456611,0.00907233237708829,1,1
2023-03-13,0.0093549762452828,0.008927260783650625,1,1
2023-03-14,0.0073190202208983,0.008716061349735392,0,0
2023-03-15,0.0078331031107924,0.00882876055914649,1,1
2023-03-16,0.0075177087808726,0.008624636915645181,1,0
2023-03-17,0.0044321559566297,0.008833384071953828,1,0
2023-03-20,0.0076527295335792,0.008629923960872265,1,1
2023-03-21,0.0069021564717609,0.008430777588484227,1,0
2023-03-22,0.009518193871693,0.008248351800264982,1,1
2023-03-23,0.0051111290715863,0.008066406397972802,0,0
2023-03-24,0.0051366970689021,0.007987922306687673,1,1
2023-03-27,0.0038889433046433,0.007846529306105863,1,0
2023-03-28,0.0063432440613297,0.007680348595930041,1,1
2023-03-29,0.0056659253850715,0.0075036932648416,1,0
2023-03-30,0.0026382102891302,0.007401566411618522,1,0
2023-03-31,0.0041180621109497,0.0072589060949753426,1,1
2023-04-03,0.0044322245768041,0.007117962729622164,1,1
2023-04-04,0.0044333418948433,0.0069520518619185885,1,1
2023-04-05,0.0055385827290345,0.0068667513066527465,1,1
2023-04-06,0.0044940894174205,0.006807686555781473,1,0
2023-04-10,0.004668240141349,0.006646912280870168,1,1
2023-04-11,0.0036724332909795,0.006562444435712139,1,0
2023-04-12,0.0077482963879004,0.006463745056652556,1,1
2023-04-13,0.0036786994006396,0.0064669437472044825,0,0
2023-04-14,0.0050571305979443,0.006311524999225203,1,1
2023-04-17,0.0039064872394801,0.006180764423374285,1,0
2023-04-18,0.0048154927445706,0.006044290748697202,1,1
2023-04-19,0.0042063332828529,0.006030203180311668,1,0
2023-04-20,0.0048411664235117,0.005899833338805462,1,1
2023-04-21,0.0041774700339716,0.006004980147274089,1,0
2023-04-24,0.0049075742712125,0.005860045747280477,1,1
2023-04-25,0.0057759102692927,0.005722264714592282,1,1
2023-04-26,0.0038169879195233,0.005839398439254671,1,0
2023-04-27,0.0065120304977842,0.0058654179582460445,1,1
2023-04-28,0.0035412530668808,0.00574542383332633,0,0
2023-05-01,0.0052677327784025,0.00569067919556251,1,1
2023-05-02,0.0045460837905973,0.005946418027903176,1,0
2023-05-03,0.0056219626084285,0.005967315620046057,1,1
2023-05-04,0.0034331310951858,0.005889577569823371,1,0
2023-05-05,0.0044187199874098,0.005777753034649484,1,1
2023-05-08,0.003530302293862,0.005997708390005125,1,0
2023-05-09,0.0030928000181247,0.005912702746880425,1,0
2023-05-10,0.0050490460197449,0.005885890958161975,1,1
2023-05-11,0.0048236072318476,0.00577357926127181,1,0
2023-05-12,0.0036651981251379,0.005677136675526873,1,0
2023-05-15,0.0039679348676421,0.005571109526035164,1,1
2023-05-16,0.0061570582086793,0.005546921535519269,1,1
2023-05-17,0.0034331164899561,0.005435646449560269,0,0
2023-05-18,0.0070785145333449,0.005561629192777437,1,1
2023-05-19,0.0050562676645685,0.005969979115131565,0,0
2023-05-22,0.0039877451003388,0.005883616370905202,1,0
2023-05-23,0.0029369879978818,0.005755242780959159,1,0
2023-05-24,0.0482814045804702,0.005696099882735731,1,1
2023-05-25,0.0121530170065691,0.005577855750143258,0,0
2023-05-26,0.0047137026877099,0.012510850228883274,1,0
2023-05-30,0.0104384733405095,0.01225016239998199,1,1
2023-05-31,0.0084894951773299,0.012030340834586772,1,0
2023-06-01,0.0072695411982829,0.012161326285386643,1,0
2023-06-02,0.0074803950508026,0.01213943619732095,1,1
2023-06-05,0.004738013951934,0.01184486239871937,1,0
2023-06-06,0.0052584110445883,0.01154600238856091,1,1
2023-06-07,0.0073135803038378,0.011282643681371524,1,1
2023-06-08,0.0049192097187282,0.011135036170582906,1,0
2023-06-09,0.0052572546287069,0.01094648592191964,1,1
2023-06-12,0.0056502257978819,0.010681870197813692,1,1
2023-06-13,0.0052366688902376,0.010459957948264835,1,0
2023-06-14,0.0071513906163374,0.010387496317493217,1,1
2023-06-15,0.0068598263656753,0.010412170994472553,1,0
2023-06-16,0.0043633578718263,0.010173167011453555,1,0
2023-06-20,0.0055916231551889,0.009930051767632616,1,1
2023-06-21,0.007066317316293,0.009776020381820084,1,1
2023-06-22,0.004579700407794,0.00959396620410346,1,0
2023-06-23,0.0052511578864379,0.009368066929205023,1,1
2023-06-26,0.0086031510662263,0.009207974628355113,1,1
2023-06-27,0.008584704796351,0.009216652526124604,1,0
2023-06-28,0.0073247986920709,0.009121278338914823,1,0
2023-06-29,0.0037984161119801,0.008964047218236784,1,0
2023-06-30,0.0052532470769039,0.008765022985316354,1,1
2023-07-03,0.0038088415778421,0.008739517258361954,1,0
2023-07-05,0.0056898178227853,0.008535314463029681,1,1
2023-07-06,0.0047206924649397,0.008337595707610322,1,0
2023-07-07,0.0049770624800043,0.00814888360760295,1,1
2023-07-10,0.0059780150805262,0.007968592120764268,1,1
2023-07-11,0.0021665429962424,0.007794823564747004,1,0
2023-07-12,0.0053610447613029,0.0076135206148328655,1,1
2023-07-13,0.0048051849456138,0.0076354212300119685,1,0
2023-07-14,0.008261848718929,0.007812137159425431,1,1
2023-07-17,0.0043521803115369,0.007656596358153521,0,0
2023-07-18,0.0068204592873173,0.0075508671234003335,1,1
2023-07-19,0.0040771720440382,0.007451794564166821,1,0
2023-07-20,0.0063969001919939,0.007296044411340432,1,1
2023-07-21,0.0089838854906692,0.0073553822415106124,1,1
2023-07-24,0.0043526669578719,0.007333248254729785,0,0
2023-07-25,0.0069000071346073,0.00716751177296912,1,1
2023-07-26,0.0056332925520522,0.007096340628803777,1,0
2023-07-27,0.0080024901359774,0.00693783153105182,1,1
2023-07-28,0.0023962372529025,0.006789070272827413,0,0
2023-07-31,0.0026864912275922,0.006689761947957681,1,1
2023-08-01,0.0051205437583488,0.006531689577721553,1,1
2023-08-02,0.007737000281871,0.006384218522986476,1,1
2023-08-03,0.0071346832721997,0.006780881864268717,0,0
2023-08-04,0.0052130976712158,0.00662664444252654,0,0
2023-08-07,0.0043952296036396,0.006472897278044181,1,0
2023-08-08,0.0042379072275552,0.006371228018874052,1,0
2023-08-09,0.0096849004547253,0.006295536381262527,1,1
2023-08-10,0.0095016337158127,0.006677115337636624,0,0
2023-08-11,0.004738500110073,0.00652926369218348,0,0
2023-08-14,0.0098141373912715,0.006680324785512495,1,1
2023-08-15,0.0067391138524904,0.007390528504587119,0,0
2023-08-16,0.0048508184611792,0.007223161669715648,1,0
2023-08-17,0.0039996101619291,0.00708385462716766,1,0
2023-08-18,0.0066892497822924,0.006926681483783566,1,1
2023-08-21,0.0082795234458207,0.006770417986715814,1,1
2023-08-22,0.0115059598006287,0.007790158164483445,0,1
2023-08-23,0.021887971169635,0.007758238597373199,0,1
2023-08-24,0.0127309327114871,0.007733299135859424,0,0
2023-08-25,0.0117278875765412,0.0075555092807372826,0,0
2023-08-28,0.0072154795104777,0.007500550681072638,0,0
2023-08-29,0.0069979344601627,0.007376316113629584,1,0
2023-08-30,0.0052794695602209,0.007486168123829029,1,0
2023-08-31,0.0037306915870657,0.007327940195225406,1,0
2023-09-01,0.0060434110299236,0.00716123343651967,1,1
2023-09-05,0.0034128049352221,0.007063199710874722,1,0
2023-09-06,0.0060364208120126,0.006903288089775837,1,1
2023-09-07,0.0072286552186388,0.006948974257554508,1,1
2023-09-08,0.0061305840392146,0.006860395339589415,0,0
2023-09-11,0.0100215845944436,0.006754705093528646,1,1
2023-09-12,0.0048689682325327,0.006622300664105313,0,0
2023-09-13,0.0051062112244935,0.006486689277582538,1,1
2023-09-14,0.0029250350113352,0.006372365220775707,1,0
2023-09-15,0.0055455969284569,0.006229047095628381,1,1
2023-09-18,0.0054644414482638,0.006411467897044891,1,0
2023-09-19,0.0044887602599531,0.00626782576245471,1,0
2023-09-20,0.0064160286505219,0.006156008985970102,1,1
2023-09-21,0.0046704927806441,0.006229580181435744,0,0
2023-09-22,0.0052232530423325,0.006291168202454953,1,1
2023-09-25,0.006495161085496,0.006187794519398923,1,1
2023-09-26,0.00581386674128,0.006088980538703602,0,0
2023-09-27,0.0051526808825434,0.005970390567652719,1,0
2023-09-28,0.0046628751466952,0.0058703131507714034,1,0
2023-09-29,0.0036685680865082,0.005780904421578182,1,0
2023-10-02,0.0055854644885641,0.005668564919438723,1,1
2023-10-03,0.0081827911091194,0.005727958008189591,1,1
2023-10-04,0.0048922129460302,0.0058117996513778565,0,0
2023-10-05,0.0031971513838834,0.00571065449878381,1,0
2023-10-06,0.0064800073343169,0.005627323043413336,1,1
2023-10-09,0.0061433850635643,0.005625133502287818,0,0
2023-10-10,0.0036083766385411,0.0055372712720862865,0,0
2023-10-11,0.0035774774557694,0.005442066115303132,1,0
2023-10-12,0.0044682963651738,0.0054282025996183186,1,1
2023-10-13,0.0049974392945429,0.005310522938591523,1,1
2023-10-16,0.0039399368055876,0.005476572850425115,1,0
2023-10-17,0.0133537910053935,0.005396930696096212,1,1
2023-10-18,0.0048271724690147,0.005854995628674621,0,0
2023-10-19,0.0044746890252858,0.006111875739681197,1,0
2023-10-20,0.0094505557738596,0.005980956078158374,1,1
2023-10-23,0.0065569723239773,0.005925064173378024,0,0
2023-10-24,0.0045383207798214,0.006086285776206635,0,0
2023-10-25,0.0052867155726196,0.005999556754697871,1,1
2023-10-26,0.0086082051119604,0.00630971530185168,1,1
2023-10-27,0.0048958599882695,0.006448444193660883,0,0
2023-10-30,0.0081466599081669,0.006307185920555252,1,1
2023-10-31,0.0075461320343932,0.006214838466299355,0,0
2023-11-01,0.0068814101244083,0.006102128808029859,0,0
2023-11-02,0.0039197896913559,0.00624345790967193,0,0
2023-11-03,0.0041884188763566,0.006250911407964155,1,1
2023-11-06,0.0046504869634047,0.006335345557168763,1,1
2023-11-07,0.0039753128120014,0.006243155927505382,1,0
2023-11-08,0.0030609926146742,0.00610795106515055,1,0
2023-11-09,0.006785094218237,0.006005825046313745,1,1
2023-11-10,0.0042787335666773,0.005885038406009074,0,0
2023-11-13,0.0032641604772538,0.005928479372879018,1,0
2023-11-14,0.0051786919416157,0.005804445305000186,1,1
2023-11-15,0.0062262799518397,0.005767281903179298,1,1
2023-11-16,0.0033685965973769,0.005708359137242856,0,0
2023-11-17,0.0020597455405072,0.005611933203253338,1,0
2023-11-20,0.003301915489692,0.005497547231416795,1,1
2023-11-21,0.0038733406779177,0.005485287179634613,1,1
2023-11-22,0.0109444243329583,0.005395477715991739,1,1
2023-11-24,0.0051189991364034,0.00544837219729784,0,0
2023-11-27,0.0030018952360337,0.005437110408033004,1,0
2023-11-28,0.0039231938083223,0.0053386465132742485,1,1
2023-11-29,0.0037668184441852,0.005250863539106013,1,0
2023-11-30,0.0058138422847092,0.005147060256139298,1,1
2023-12-01,0.004209424014407,0.005270807202990348,0,0
2023-12-04,0.0056343513781841,0.00516016554971189,1,1
2023-12-05,0.0065708111956817,0.005257942334474125,0,1
2023-12-06,0.0048099671567239,0.005264370764692264,0,0
2023-12-07,0.0036892176798298,0.005301498239512471,1,0
2023-12-08,0.0052984775026735,0.005314244110507585,1,1
2023-12-11,0.0069060025023797,0.005282728667162118,0,1
2023-12-12,0.007517810160265,0.005270799390852024,0,1
2023-12-13,0.0054020969674799,0.005265007293549581,0,0
2023-12-14,0.0037796957913762,0.005169424522447873,0,0
2023-12-15,0.0040110350630005,0.00506591269495362,1,1
2023-12-18,0.0028470795080965,0.004985647923303258,1,0
2023-12-19,0.0053691735484086,0.005017643240565424,1,1
2023-12-20,0.0073405388751169,0.004944727315789425,0,1
2023-12-21,0.0030355713564093,0.005108782904879049,0,0
2023-12-22,0.0023668304814019,0.005075043016719557,1,0
2023-12-26,0.0034644939644918,0.004975551176204451,1,1
2023-12-27,0.0014234497766149,0.004889324684654246,1,0
2023-12-28,0.001963246668955,0.004789557859565169,1,1
2023-12-29,0.0048994866969495,0.004691815098045962,1,1
2024-01-02,0.0086098737299772,0.004596675641121008,0,1
2024-01-03,0.0034211017772344,0.004744010844751248,0,0
2024-01-04,0.0032458497620941,0.004700980121245409,1,0
2024-01-05,0.0049018294840203,0.00462236792096868,1,1
2024-01-08,0.0084054585322125,0.004658915489653903,0,1
2024-01-09,0.0073957636295101,0.0055221616148591075,0,0
2024-01-10,0.0047628254392154,0.0054618232256054096,0,0
2024-01-11,0.0059889980463263,0.0054535180492615775,1,1
2024-01-12,0.0021256798147057,0.005350756903675064,0,0
2024-01-16,0.005433202511555,0.005241183995093021,1,1
2024-01-17,0.0068574971525518,0.005335747929674802,0,1
2024-01-18,0.0054089844445513,0.00523661957401747,0,0
2024-01-19,0.0051218160649438,0.005201712910402575,0,0
2024-01-22,0.0043438194776283,0.00547597850101931,1,0
2024-01-23,0.0025037535301969,0.005360249384107392,1,0
2024-01-24,0.0070757634419193,0.005248881084595144,1,1
2024-01-25,0.0058506032326386,0.0052723331168464315,0,0
2024-01-26,0.0044457103480536,0.005164112732193704,0,0
2024-01-29,0.0046468253300481,0.0050876263296708996,1,1
2024-01-30,0.0064081742536399,0.00510425424078055,1,1
2024-01-31,0.0061346506313237,0.005002123726595775,0,0
2024-02-01,0.0044026744270746,0.005019331646838702,0,0
2024-02-02,0.0067326194632721,0.0050493036814977695,1,1
2024-02-05,0.0091079330045388,0.005494783836333633,0,1
2024-02-06,0.0094930001188645,0.0058560379016956475,0,1
2024-02-07,0.0047234469356855,0.005798355069189466,0,0
2024-02-08,0.0038867130274655,0.00582311355383186,1,0
2024-02-09,0.003678587592887,0.005710944781428667,1,0
2024-02-12,0.0073021048722578,0.005847806885712142,1,1
2024-02-13,0.0087246923148724,0.005720311416263763,0,1
2024-02-14,0.0061826842648624,0.005599221200258711,0,0
2024-02-15,0.0057916379579666,0.005601620229608281,0,0
2024-02-16,0.0057295583315169,0.005561191845943335,0,0
2024-02-20,0.0124554288427847,0.005443800405166165,0,1
2024-02-21,0.0252292952269217,0.005818755814277073,0,1
2024-02-22,0.0146604981237685,0.005899333762238956,0,0
2024-02-23,0.0085655162336601,0.009634641568554052,0,0
2024-02-26,0.0059247578490322,0.00938801206161817,1,0
2024-02-27,0.0039333112857352,0.009152289347978874,1,0
2024-02-28,0.006346247814286,0.008932468927265274,1,1
2024-02-29,0.0043057817752927,0.008750099648865167,1,0
2024-03-01,0.0041590568108839,0.008587764412653484,1,0
2024-03-04,0.0078960545563441,0.008613175263570277,1,1
2024-03-05,0.0093366207135331,0.00859271205313375,1,1
2024-03-06,0.0047277015418476,0.008397584212098784,0,0
2024-03-07,0.0071399176785088,0.00834577551685677,1,1
2024-03-08,0.019015912378603,0.008438145229523498,1,1
2024-03-11,0.0160511891916283,0.008773610795913878,0,0
2024-03-12,0.0093680516026678,0.00863899999880606,0,0
2024-03-13,0.0085611146435089,0.009130543262891973,0,0
2024-03-14,0.005611511367831,0.00893578696697012,1,0
2024-03-15,0.0062595041712488,0.008903194314508726,1,1
2024-03-18,0.0088239319284252,0.008693236486119162,1,1
2024-03-19,0.00903880563328,0.008494273565602338,0,1
2024-03-20,0.0045479015065886,0.008310258648025468,0,0
2024-03-21,0.0053522555060528,0.008132869287919174,1,1
2024-03-22,0.0058977467681126,0.007963783638643128,1,1
2024-03-25,0.0072198688854994,0.007923618691519725,1,1
2024-03-26,0.0069397440312727,0.007749524183757357,1,0
2024-03-27,0.0088417575510356,0.007700737257047707,1,1
2024-03-28,0.0033971381641492,0.007647108585506446,0,0
2024-04-01,0.007000652873914,0.007474411485801227,1,1
2024-04-02,0.0037712586305421,0.007306602620875769,1,0
2024-04-03,0.0053542871977984,0.007166565460329534,1,1
2024-04-04,0.0076721455454792,0.0070147922565063575,1,1
2024-04-05,0.0037860961539539,0.007102533510856596,0,0
2024-04-08,0.0046555931137009,0.007039304839467208,1,1
2024-04-09,0.0092446831960843,0.006906374577536002,1,1
2024-04-10,0.0083670692877718,0.0068443723427236884,0,0
2024-04-11,0.0043653368304155,0.00675527697512935,0,0
2024-04-12,0.0062468643519885,0.006894338043458548,1,1
2024-04-15,0.0080989080221096,0.0068950052047992315,1,1
2024-04-16,0.0051890529228157,0.006873990806088888,0,0
2024-04-17,0.0071136490053187,0.006763886190192779,1,1
2024-04-18,0.0059138036415099,0.006930049607306043,0,0
2024-04-19,0.0120948452881608,0.0067837245728979735,1,1
2024-04-22,0.0096485718499579,0.00855713645773201,0,0
2024-04-23,0.0073410484456043,0.008621898729719394,0,0
2024-04-24,0.0101239320607599,0.008605620139462266,1,1
2024-04-25,0.0121114338337846,0.008597590912755288,0,1
2024-04-26,0.0070840174409597,0.008587787281395472,0,0
2024-04-29,0.0044570066355361,0.008907717308977756,1,0
2024-04-30,0.0079288870306706,0.008699040816540066,1,1
2024-05-01,0.0142892742523209,0.008541051358545543,1,1
2024-05-02,0.0037864451864637,0.00860282521499845,0,0
2024-05-03,0.0060471470246831,0.008556414974964658,1,1
2024-05-06,0.0073825801605616,0.008523247858378689,1,1
2024-05-07,0.0059526140038538,0.008522803857996815,1,0
2024-05-08,0.0054352947873811,0.008380528051127583,1,0
2024-05-09,0.0049518349699659,0.008189163796754623,1,0
2024-05-10,0.0057081905287058,0.008065827602909536,1,1
2024-05-13,0.0043342599518546,0.007902653760666513,1,0
2024-05-14,0.0033954732915627,0.007726380906830187,1,0
2024-05-15,0.0049212449152236,0.0075656291712739845,1,1
2024-05-16,0.0029484662745939,0.0075911253840225896,1,0
2024-05-17,0.0042186059950717,0.007422826910050205,1,1
2024-05-20,0.0052422109056183,0.00733725683539325,1,1
2024-05-21,0.0053157931262455,0.007267892848498156,1,1
2024-05-22,0.0122252412566181,0.007108804606120626,1,1
2024-05-23,0.006497972949487,0.006955463654166741,0,0
2024-05-24,0.0041973237307779,0.008129877068268669,1,0
2024-05-28,0.0089048741510352,0.008037283341943636,1,1
2024-05-29,0.0082148091291055,0.008542062767369428,0,0
2024-05-30,0.0078162934071058,0.008352070616439292,1,0
2024-05-31,0.0086672337612382,0.00840815487620523,1,1
2024-06-03,0.0082747529649218,0.008228853939677537,0,0
2024-06-04,0.0056901168370084,0.008379282217117881,1,0
2024-06-05,0.0051905042078675,0.008206260470192196,1,0
2024-06-06,0.0143622432517874,0.008394403331846182,1,1
2024-06-07,0.0063018875391654,0.008229579168804223,0,0
2024-06-10,0.0096182983245779,0.008042689539836438,1,1
2024-06-11,0.0051901837490905,0.007865918462984683,0,0
2024-06-12,0.0057525733600588,0.007700524299770234,1,1
2024-06-13,0.0066570950695358,0.007714966498694903,1,1
2024-06-14,0.0058858870925766,0.007725843932355307,1,0
2024-06-17,0.0062942784124596,0.007594223526916968,1,1
2024-06-18,0.0051774937492346,0.007435041641932562,1,0
2024-06-20,0.0116274282355236,0.0074587485999816384,1,1
2024-06-21,0.0104162131531238,0.007534691928025975,0,0
2024-06-24,0.0093835487594912,0.0075656634809917935,0,0
2024-06-25,0.012563020389574,0.00821564019826801,0,1
2024-06-26,0.0122353373490611,0.00866138727722006,0,0
2024-06-27,0.0052022891882822,0.00846191498204414,0,0
2024-06-28,0.006345739929332,0.008334521580598138,1,1
2024-07-01,0.0098437990301157,0.008148550228491647,1,1
2024-07-02,0.0043026446272211,0.007967367355810247,0,0
2024-07-03,0.0089347235346601,0.007822396911666508,1,1
2024-07-05,0.0045060574680054,0.007953878803613071,0,0
2024-07-08,0.0103323077373414,0.007777849865616455,1,1
2024-07-09,0.0057600623852153,0.007603149085842713,0,0
2024-07-10,0.0034694287469591,0.007523460702090698,1,0
2024-07-11,0.0112169573134673,0.007463318014688317,1,1
2024-07-12,0.0092448442598944,0.007877835327394887,0,0
2024-07-15,0.0054931924078321,0.007728114763597816,0,0
2024-07-16,0.0059735793910119,0.007564583859245029,1,1
2024-07-17,0.0085988604013776,0.007449391141985296,1,1
2024-07-18,0.0101200963532398,0.008096425749886003,0,1
2024-07-19,0.004851408527845,0.008010105505375939,0,0
2024-07-22,0.0065907354938181,0.00795483730877259,1,1
2024-07-23,0.0062100461874163,0.008102644053869476,1,0
2024-07-24,0.0060063374113513,0.007933044248233701,1,0
2024-07-25,0.0176046484212029,0.008564824599033776,1,1
2024-07-26,0.0082087745113796,0.008423200722174673,0,0
2024-07-29,0.0071417980233392,0.00823651847814194,1,0
2024-07-30,0.0154790366969638,0.008083419446144189,1,1
2024-07-31,0.0118907757063163,0.008752798052409643,0,0
2024-08-01,0.019307060788697,0.010483150253897873,0,1
2024-08-02,0.0142746450517844,0.010864169117420473,0,0
2024-08-05,0.0311229472099433,0.010648619140529843,0,1
2024-08-06,0.0123946164487541,0.010959670219237305,0,0
2024-08-07,0.0133293229049761,0.01085616408797888,0,1
2024-08-08,0.0097820615205797,0.010959681352072837,0,0
2024-08-09,0.007223869232913,0.011113893706028078,1,0
2024-08-12,0.0067401431805225,0.01084489344821331,1,0
2024-08-13,0.0082193545108127,0.010771617133606361,1,1
2024-08-14,0.0098115459812133,0.010990488163077372,1,1
2024-08-15,0.0060319629952271,0.010753761220887519,1,0
2024-08-16,0.0050097591370175,0.01068110209159622,1,0
2024-08-19,0.0058101053842933,0.010445289433198151,1,1
2024-08-20,0.0071194745434076,0.010414861901858617,1,1
2024-08-21,0.0024429516255984,0.010234523039174747,1,0
2024-08-22,0.0071408949264625,0.010001301389398894,1,1
2024-08-23,0.0057192489066798,0.009969504396393915,1,0
2024-08-26,0.0058389822078898,0.009981809403097302,1,1
2024-08-27,0.006066722053255,0.009824625485202274,1,1
2024-08-28,0.0171500417875638,0.009616578452874251,1,1
2024-08-29,0.0130923171546619,0.009461727089282331,0,0
2024-08-30,0.0078320596963842,0.009863138456493463,0,0
2024-09-03,0.013980657256775,0.009656313692549505,1,1
2024-09-04,0.0108029718782632,0.010768566054408712,0,0
2024-09-05,0.0100725358411396,0.010553158221971764,0,0
2024-09-06,0.0126680228477886,0.01031114915221257,1,1
2024-09-09,0.0099048033508439,0.010307291387556535,0,0
2024-09-10,0.0064339571492406,0.010208579234123574,1,0
2024-09-11,0.0104461088810895,0.009993033642358751,1,1
2024-09-12,0.006955969315398,0.010524231040937474,1,0
2024-09-13,0.0027316979005695,0.010314250871266951,1,0
2024-09-16,0.0030226785177881,0.010071474227903027,1,1
2024-09-17,0.0045597946785287,0.009893688930414802,1,1
2024-09-18,0.0078779995873107,0.009680009858497571,1,1
2024-09-19,0.0059381048199139,0.009512935437840936,1,0
2024-09-20,0.0031489341968134,0.009486558791342437,1,0
2024-09-23,0.0026343097068078,0.00930732968780161,1,0
2024-09-24,0.0099925148678659,0.00908985413410928,1,1
2024-09-25,0.006916234867142,0.00908284231745181,0,0
2024-09-26,0.0095904238141452,0.008930743337800813,1,1
2024-09-27,0.0061073093049879,0.008723072147019778,0,0
2024-09-30,0.0063206292737478,0.008600216187282963,1,1
2024-10-01,0.006692154316481,0.00839858648285339,1,1
2024-10-02,0.005988247698631,0.00844104194852031,1,0
2024-10-03,0.0070297501501399,0.008276134278537158,1,1
2024-10-04,0.0057569749265469,0.0082465608354594,1,0
2024-10-07,0.0082915880469811,0.008091979118327196,1,1
2024-10-08,0.0052201192777262,0.007974933085514597,0,0
2024-10-09,0.0053773025328604,0.008036234241785397,1,1
2024-10-10,0.0049569326935661,0.007849703418932657,1,0
2024-10-11,0.0020409531034549,0.007703373072005939,1,0
2024-10-14,0.0064146513183342,0.007521780920677004,1,1
2024-10-15,0.0085068663700243,0.007438528903455897,1,1
2024-10-16,0.0048226438401468,0.00770529846134444,0,0
2024-10-17,0.0086867798518633,0.007678189644864144,1,1
2024-10-18,0.0028348981876231,0.007509187978019144,0,0
2024-10-21,0.007798439461646,0.007340969431964458,1,1
2024-10-22,0.0038529650692154,0.007452105048169591,0,0
2024-10-23,0.005525333942164,0.0072795371177109625,1,1
2024-10-24,0.0037392084711317,0.007278581831393114,1,0
2024-10-25,0.0046868753007718,0.007113172033907186,1,1
2024-10-28,0.0055862842165488,0.006955330301761622,1,1
2024-10-29,0.0027933552335825,0.006807504392207611,1,0
2024-10-30,0.0048850826003877,0.00664969913990807,1,1
2024-10-31,0.009205851969208,0.006542076560834461,1,1
2024-11-01,0.0077911970577962,0.006900272963954805,0,0
2024-11-04,0.0040802567471106,0.006807658063622654,0,0
2024-11-05,0.0055384690884618,0.006652254773273481,1,1
2024-11-06,0.0068012498407705,0.006645083904951532,1,1
2024-11-07,0.0041955736323458,0.006793438002389156,0,0
2024-11-08,0.0051533772118703,0.006724539203114177,1,1
2024-11-11,0.0091620211472132,0.006590706799930129,1,1
2024-11-12,0.0053041712929593,0.006504912860315463,0,0
2024-11-13,0.0034737492115138,0.00643430663842677,1,0
2024-11-14,0.0030399203050375,0.006336950569003401,1,0
2024-11-15,0.0053792886057584,0.006192626374094306,1,1
2024-11-18,0.0086198970648891,0.006314352323163497,1,1
2024-11-19,0.0074057065210196,0.006216486629801123,0,0
2024-11-20,0.0084463623848873,0.00653155706148612,0,1
2024-11-21,0.0104566994943504,0.006401824393021094,0,1
2024-11-22,0.0039652592999219,0.006261004998980157,0,0
2024-11-25,0.0087116956184399,0.0063690128253132815,1,1
2024-11-26,0.0046160313038502,0.00662467424331019,0,0
2024-11-27,0.0049135305465511,0.006482205044407518,1,1
2024-11-29,0.0051990946054384,0.00637264351622072,1,1
2024-12-02,0.0057105465372771,0.006313373433006347,1,1
2024-12-03,0.0027255657158899,0.0061732781733671,1,0
2024-12-04,0.0054728783157721,0.0060590763654671245,1,1
2024-12-05,0.003521941534927,0.006160082505466545,1,0
2024-12-06,0.004786020705087,0.006024468664850863,1,1
2024-12-09,0.0050854580196438,0.00597759252078691,1,1
2024-12-10,0.0075079932444162,0.006011242444115642,1,1
2024-12-11,0.0068295053363446,0.0060607523544026765,0,0
2024-12-12,0.0055914124394937,0.0061167154693155664,0,0
2024-12-13,0.0093082800045076,0.006035682205807928,1,1
2024-12-16,0.0056565019445376,0.006031225680417345,0,0
2024-12-17,0.0071500514864223,0.0059728518370955105,1,1
2024-12-18,0.0124937558830354,0.005883989556398312,0,1
2024-12-19,0.0060755746912387,0.005792872232906522,0,0
2024-12-20,0.0101436823145159,0.005701552510409967,0,1
2024-12-23,0.0060486322705512,0.0057713288184543,0,0
2024-12-24,0.0043534461682969,0.005919894829139841,0,0
2024-12-26,0.0028713827907044,0.005793042952801648,1,0
2024-12-27,0.0053485899779106,0.005670584779271919,1,1
2024-12-30,0.0077047040491269,0.005666303504023483,1,1
2024-12-31,0.0052643029923718,0.005545275632692638,0,0
2025-01-02,0.0071399507875889,0.005574514604296978,1,1
2025-01-03,0.0086011264662268,0.005640633186335412,0,1
2025-01-06,0.0063604442893658,0.005922623384129324,0,0
2025-01-07,0.0136794650444541,0.006022747592669077,0,1
2025-01-08,0.0072741566767074,0.006769884070831521,0,0
2025-01-10,0.0055747686352147,0.0066195488788767815,0,0
2025-01-13,0.0078732897748607,0.006672177726389595,1,1
2025-01-14,0.00865331462589,0.006613363276360914,0,1
2025-01-15,0.0049240708708859,0.006498045922717934,0,0
2025-01-16,0.007513232706766,0.006559908682048218,1,1
2025-01-17,0.0045429694153453,0.006504514871626785,0,0
2025-01-21,0.0052486484902869,0.006530823362724083,1,1
2025-01-22,0.0044066167140248,0.006475059117413983,1,0
2025-01-23,0.0033714191216124,0.006681573749183657,1,0
2025-01-24,0.0065839392093052,0.0065332837590380164,1,1
2025-01-27,0.029853514740665,0.006607283269607079,1,1
2025-01-28,0.0142917451306292,0.011540969425143063,0,0
2025-01-29,0.0128516218156421,0.01211249525797191,0,0
2025-01-30,0.0123093171934648,0.012032525177507246,0,0
2025-01-31,0.0091119915322666,0.011726062326569807,0,0
2025-02-03,0.0119588958075316,0.011617797385999485,1,1
2025-02-04,0.0072939799852463,0.011439580470781955,0,0
2025-02-05,0.00662377916645,0.011183991262433784,1,0
2025-02-06,0.0055249557248153,0.011213983254520776,1,0
2025-02-07,0.0048127055110316,0.011043502583889118,1,0
2025-02-10,0.0075866107731998,0.010779965831203919,1,1
2025-02-11,0.0055039869434158,0.010611788350841332,1,0
2025-02-12,0.0055656407085965,0.010362750717532369,1,1
2025-02-13,0.0068087792616693,0.01014105398795871,1,1
2025-02-14,0.004995999396379,0.010018057403704941,1,0
2025-02-18,0.0044745531891778,0.009862219890937815,1,0
2025-02-19,0.0057358593776319,0.009631213086350846,1,1
2025-02-20,0.0065785362971438,0.009407094857591159,1,1
2025-02-21,0.0057123260931745,0.009191720825386222,1,0
2025-02-24,0.0102189570871166,0.00923879643372602,1,1
2025-02-25,0.0098649223328143,0.00917701433810874,0,0
2025-02-26,0.0131530267754157,0.009091594751244724,0,1
2025-02-27,0.0186727102056426,0.009054213262373966,0,1
2025-02-28,0.0151024678506971,0.009960790854532851,0,0
2025-03-03,0.012433804084042,0.009914370884704678,0,0
2025-03-04,0.0143899284550273,0.010772083825198864,0,1
2025-03-05,0.0062927048236768,0.010544671075812303,0,0
2025-03-06,0.0072708694179337,0.010306908546341347,1,1
2025-03-07,0.010486527376032,0.01052954415451174,1,1
2025-03-10,0.0121824799132039,0.010319638953696662,0,1
2025-03-11,0.0175527025343515,0.010440356841480784,0,1
2025-03-12,0.009206307435052,0.010222884401505119,0,0
2025-03-13,0.0100931734189657,0.010455669107533046,1,1
2025-03-14,0.0045034784121054,0.010209442891470225,1,0
2025-03-17,0.0077943211390514,0.010291078507646921,1,1
2025-03-18,0.0105238699278041,0.010096105551876863,1,1
2025-03-19,0.0071690457630633,0.010031699140511453,0,0
2025-03-20,0.005646947406225,0.00983259060159268,1,0
2025-03-21,0.0049002381827777,0.00960944814298099,1,0
2025-03-24,0.005022975632329,0.009394944627216524,1,1
2025-03-25,0.0035992270192773,0.009299408698355894,1,0
2025-03-26,0.007431793052289,0.009090446264052579,1,1
2025-03-27,0.0061592052205521,0.009400940846348266,1,0
2025-03-28,0.0054472960274376,0.00925076379756408,1,0
2025-03-31,0.0098019368068458,0.00907856372801898,1,1
2025-04-01,0.0080812600456116,0.00889308645743044,0,0
2025-04-02,0.0113775468127164,0.00871913792126849,1,1
2025-04-03,0.0117024444754775,0.008516241360446052,0,1
2025-04-04,0.0160772708751252,0.009328172204530832,0,1
2025-04-07,0.0211111281598441,0.009936059507959264,0,1
2025-04-08,0.0150519436559375,0.009851475633514333,0,0
2025-04-09,0.0311896496797856,0.009652675722704092,0,1
2025-04-10,0.0136979327689916,0.012814610572555023,0,0
2025-04-11,0.0087886728515855,0.012918748224872307,0,0
2025-04-14,0.0114589936256622,0.012695813908656825,1,1
2025-04-15,0.0164707457042496,0.01238781606542223,1,1
2025-04-16,0.0114694217523971,0.012105167678164674,0,0
2025-04-17,0.0102184031097661,0.012392461361046624,1,0
2025-04-21,0.008296135009105,0.01219690810359015,1,0
2025-04-22,0.0096708688829505,0.012154532029234874,1,1
2025-04-23,0.0060388921690441,0.011903571330815727,1,0
2025-04-24,0.0073102627406079,0.011770662474702005,1,1
2025-04-25,0.006841408262484,0.011624073728956939,1,0
2025-04-28,0.0060815606852614,0.011538763222334575,1,0
2025-04-29,0.0057375493358975,0.011322702906292571,1,0
2025-04-30,0.011053762484531,0.011056156280010587,1,1
2025-05-01,0.005384720635032,0.010797216161718168,0,0
2025-05-02,0.0045966970138445,0.010609019840352561,1,0
2025-05-05,0.0039174893544285,0.010433434238065108,1,0
2025-05-06,0.0079708852062325,0.010196163253448798,1,1
2025-05-07,0.007835395602433,0.009959413994089832,1,0
2025-05-08,0.0076571550584065,0.00983933002937897,1,0
2025-05-09,0.0040708491930526,0.009608680795126045,1,0
2025-05-12,0.0124111774825218,0.009390654219583478,1,1
2025-05-13,0.0095047687894211,0.009544703809660967,0,0
2025-05-14,0.0052121002086318,0.009713133633460507,1,0
2025-05-15,0.0090136443679002,0.009696979889652306,1,1
2025-05-16,0.0052949163632205,0.009474296554928806,1,0
2025-05-19,0.0055508301432907,0.009253631821058128,1,1
2025-05-20,0.0040779808382677,0.009036260681246593,1,0
2025-05-21,0.0082598736985072,0.008839100818314346,1,1
2025-05-22,0.0047810691245383,0.008697488726134085,1,0
2025-05-23,0.0065901887256294,0.008497245100644344,1,1
2025-05-27,0.0066923189818058,0.008322723720893427,1,1
2025-05-28,0.0139254747493445,0.008276142911487911,1,1
2025-05-29,0.0056344115515632,0.00808499958689122,0,0
2025-05-30,0.0059737709559307,0.008053466596930169,1,1
2025-06-02,0.0039253988532965,0.008028772669390524,1,0
2025-06-03,0.0053589577766568,0.00787701813013987,1,1
2025-06-04,0.0028627516330247,0.00781117137393613,1,0
2025-06-05,0.0071600194190672,0.007625759283570453,1,1
2025-06-06,0.0042069535616401,0.007485406988886655,1,0
2025-06-09,0.0034316142122365,0.0073266343886585214,1,0
2025-06-10,0.0034637147624787,0.007152049321030284,1,1
2025-06-11,0.0038552160617566,0.006988429088294514,1,1
2025-06-12,0.0047111934997887,0.006833969393456209,1,1
2025-06-13,0.0050383683879284,0.006705593314955757,1,1
2025-06-16,0.0038966118608068,0.006656492512541053,1,0
2025-06-17,0.0029452283429992,0.006562743955443504,1,0
2025-06-18,0.0035660700022215,0.006405147855555115,1,1
2025-06-20,0.0048069528338249,0.006259054583857211,1,1
2025-06-23,0.0034945674786313,0.006142825568901085,1,0
2025-06-24,0.003304156478599,0.005985423896234358,1,0
2025-06-25,0.0055639654559185,0.00599052318607604,1,1
2025-06-26,0.0032259381161762,0.006256696887059938,1,0
2025-06-27,0.0051896125085229,0.006106430533781421,1,1
2025-06-30,0.0037793347904298,0.006022050464742288,1,0
2025-07-01,0.005741410304244,0.005874637730677359,1,1
2025-07-02,0.0068677930675651,0.005986493646567529,1,1
2025-07-03,0.0028651497478239,0.0059862955659948525,0,0
2025-07-07,0.0034766429741936,0.005878445730442894,1,1
2025-07-08,0.0030910544047985,0.005756496739814119,1,0
2025-07-09,0.0054888662478792,0.005643254110134856,1,1
2025-07-10,0.0032011611994123,0.005581316050396506,1,0
2025-07-11,0.0054377802725365,0.00545768471207257,1,1
2025-07-14,0.004762972086943,0.005330125992710424,0,0
2025-07-15,0.0125693920808511,0.00521548506649593,1,1
2025-07-16,0.0029350781966322,0.0054979602113246605,0,0
2025-07-17,0.0029538186378202,0.0053712479971245375,1,1
2025-07-18,0.0026960458495107,0.005263844607369904,1,0
2025-07-21,0.0021052956404515,0.00514813579667702,1,0
2025-07-22,0.0094304671685287,0.005045191698508259,1,1
2025-07-23,0.0038388587769549,0.005147563806374912,0,0
2025-07-24,0.0013321479815963,0.005153617981384071,1,0
2025-07-25,0.0020740300724539,0.005107387373528274,1,1
2025-07-28,0.0027802164854085,0.004993851854465264,1,1
2025-07-29,0.004200811780144,0.004967961042124136,1,1
2025-07-30,0.0047393953894616,0.004878373487191382,1,1
2025-07-31,0.0064369234428548,0.004887098968673528,1,1
2025-08-01,0.0085010156756368,0.004805098837395369,0,1
2025-08-04,0.0052972336244315,0.00488978625423592,0,0
2025-08-05,0.0048073140837927,0.0051129077699444804,0,0
2025-08-06,0.0041663126781488,0.005035879426647628,1,0
2025-08-07,0.0040469808092359,0.004932705710044802,1,0
2025-08-08,0.0021413595736754,0.004835558678516331,1,0
2025-08-11,0.0043804431756316,0.004755344596976921,1,1
2025-08-12,0.0055729068312879,0.004660099620555488,1,1
2025-08-13,0.0038478368075347,0.004565778583992442,0,0
2025-08-14,0.0035970629473098,0.004501091042747247,1,0
2025-08-15,0.0046258271263989,0.0044046787636733715,1,1
2025-08-18,0.0033726134425795,0.004346246462182991,0,0
2025-08-19,0.0055231423655983,0.004271299536541212,1,1
2025-08-20,0.0096271879759768,0.004630761068617293,0,1
2025-08-21,0.0039578080342068,0.004535130522713709,0,0
2025-08-22,0.006199753196961,0.004444305564655144,1,1
2025-08-25,0.0044236022637565,0.004430337566751893,0,0
2025-08-26,0.0034884503368724,0.00436257570300057,0,0
2025-08-27,0.0080085421765684,0.004301172370383526,1,1
2025-08-28,0.0084691232248928,0.0042140590138602125,0,1
2025-08-29,0.0058743525722674,0.004158463342342013,0,0
2025-09-02,0.0063330377949643,0.0044885087416808725,0,1
2025-09-03,0.004065061349029,0.004536285596498098,0,0
2025-09-04,0.002865316684408,0.004443455409235643,1,0
2025-09-05,0.0062469929341713,0.004358297735773261,1,1
2025-09-08,0.0047601232812148,0.00453500504883906,0,0
2025-09-09,0.006004909338306,0.004452947357258022,0,1
2025-09-10,0.0041700994567132,0.004415149821976788,0,0
2025-09-11,0.0026063821812719,0.004731039697317904,1,0
2025-09-12,0.0019443680403544,0.004632546225274416,1,0
2025-09-15,0.0071438271800561,0.004536861445754758,1,1
2025-09-16,0.0025253812698306,0.004443635664198753,0,0
2025-09-17,0.0059231556090458,0.0044522619052278205,1,1
2025-09-18,0.0051088435914088,0.004605615914502666,0,0
2025-09-19,0.0025558394098854,0.004832007189799346,0,0
2025-09-22,0.0118144886590042,0.004728918908973005,1,1
2025-09-23,0.0038989404740422,0.005025169830747891,0,0
2025-09-24,0.0040167651074172,0.005166681516313833,1,1
2025-09-25,0.0066577322447504,0.005078151348664882,1,1
2025-09-26,0.0045212385253958,0.00496872187714081,0,0
2025-09-29,0.0058415302694318,0.004861629139634479,1,1
2025-09-30,0.0050496304533529,0.0048604803468037866,0,0
2025-10-01,0.0044687965511827,0.004924766751455614,0,0
2025-10-02,0.0034760115167328,0.00481977102659367,1,0
2025-10-03,0.0033805556022816,0.004732591434939936,1,0
2025-10-06,0.0061423244260106,0.004652870994064519,1,1
2025-10-07,0.0047936849764983,0.004603754277896418,0,0
2025-10-08,0.0038354358931038,0.004513116760900819,0,0
2025-10-09,0.003725645912537,0.004547557989860694,1,0
2025-10-10,0.0100078348719932,0.0045389781897504965,1,1
2025-10-13,0.010711833334311,0.0052101409034950655,0,1
2025-10-14,0.0082190896436593,0.0052815668274891064,0,0
2025-10-15,0.006795895797354,0.0057213345863026364,0,0
2025-10-16,0.0027636667320255,0.0055898968360879224,0,0
2025-10-17,0.0064907439545282,0.005485047323383362,1,1
2025-10-20,0.0023334916087341,0.005370991059095346,0,0
2025-10-21,0.0036083498289501,0.005256469830692259,1,1
2025-10-22,0.0053148233492531,0.0051649748306565844,1,1
2025-10-23,0.0033488193863884,0.005062746391978226,0,0
2025-10-24,0.0031197220034982,0.004975054927539336,1,0
2025-10-27,0.0054259465902571,0.004989134734884252,1,1
2025-10-28,0.0080319526274017,0.005072482208513234,0,1
2025-10-29,0.0085788780552795,0.005548390186733178,0,1
2025-10-30,0.0057762760257023,0.005620782650067627,0,0
2025-10-31,0.0054188452380352,0.005612256066596107,0,0
2025-11-03,0.0050434780363211,0.005487287289766268,1,0
2025-11-04,0.0069712962558939,0.0054660314020200116,1,1
2025-11-05,0.0100019157673255,0.005783662794705276,0,1
2025-11-06,0.0077216957994707,0.0057407337184836454,0,0
2025-11-07,0.0080874986234158,0.005972056609246592,0,1
2025-11-10,0.006658974002789,0.005832232273232369,0,0
2025-11-11,0.0067303700837936,0.006397478630884821,0,1
2025-11-12,0.0059775803378603,0.006467361887826332,0,0
2025-11-13,0.0057031418987399,0.006311263672948943,1,0
2025-11-14,0.0095041628867081,0.006484498178377894,1,1
2025-11-17,0.0052418253171458,0.00638591191117025,0,0
2025-11-18,0.0071961001054891,0.006327065579894933,1,1
2025-11-19,0.0121580426993829,0.006378646071347402,0,1
2025-11-20,0.011796492345801,0.006385258588585779,0,0
2025-11-21,0.0146909468196132,0.006483014118888781,0,1
2025-11-24,0.0065970640550841,0.006354673697525709,0,0
2025-11-25,0.0080014873705048,0.006283226301905791,0,1
2025-11-26,0.0082829989955063,0.006308048937519051,0,1
2025-11-28,0.0040942041878683,0.006191417158178916,0,0
2025-12-01,0.0068228072024601,0.006134502003820489,1,1
2025-12-02,0.0052135152497894,0.006041695070380733,0,0
2025-12-03,0.0056998026111512,0.005911899775852768,1,1
2025-12-04,0.004288865328715,0.00580809894340591,1,0
2025-12-05,0.002996083065054,0.005766046336372369,1,0
2025-12-08,0.0066733223909665,0.0056445311147659116,1,1
2025-12-09,0.0054429651751417,0.005576647371009268,0,0
2025-12-10,0.0047017717981484,0.005455078160328403,1,0
2025-12-11,0.0065544745787387,0.0053481362284516784,1,1
2025-12-12,0.0070967755637435,0.005305567165401572,0,1
2025-12-15,0.0034630067525052,0.005501812416756694,0,0
2025-12-16,0.0032239753571594,0.005385930402401738,1,0
2025-12-17,0.0066698759143536,0.0052765065724296335,1,1
2025-12-18,0.0040429027107418,0.005583119235589515,0,0
2025-12-19,0.0073756167175802,0.005530368192192477,1,1
2025-12-22,0.0031245708283226,0.005750434081409282,0,0
2025-12-23,0.0051776516077862,0.005662187961477735,1,1
2025-12-24,0.0022352973628157,0.0057289909565267,1,0
2025-12-26,0.004245922357148,0.005602816892558053,1,1
2025-12-29,0.0036832834130006,0.0054942125258908205,1,0
2025-12-30,0.0016677546459372,0.005418270492732965,1,0
2025-12-31,0.0035610758349131,0.005303258600341207,1,1
2026-01-02,0.0072387923522929,0.005198179421279703,1,1
2026-01-05,0.0044255999223723,0.00511633943710318,0,0
2026-01-06,0.0052436393687274,0.005011508100334059,1,1
2026-01-07,0.0032753358730305,0.0049125637284481915,0,0
2026-01-08,0.0065333562600558,0.004826534459541227,1,1
2026-01-09,0.0023172235697775,0.004880861523018312,0,0
2026-01-12,0.0048615108583211,0.00477673268764012,1,1
2026-01-13,0.0064652238779631,0.0046740764901170165,0,1
2026-01-14,0.0050754019397779,0.004577179520811986,0,0
2026-01-15,0.0059925798600508,0.00456033790015239,0,1
2026-01-16,0.0033764589524013,0.004585778660187895,0,0
2026-01-20,0.0083048578341965,0.004499424805538617,1,1
2026-01-21,0.0084725555454929,0.005044453463249349,0,1
2026-01-22,0.002910302415643,0.005145649281918113,0,0
2026-01-23,0.0048268644412599,0.005044891716563546,1,1
2026-01-26,0.0024451558297199,0.0049875586969776635,1,0
2026-01-27,0.0032212602207547,0.00489669519764329,1,1
2026-01-28,0.0041695800953657,0.0048169810936363406,1,1
2026-01-29,0.007289874613156,0.0047740832970770515,1,1
2026-01-30,0.0052096753767671,0.00467605923822833,0,0
2026-02-02,0.0071669945764837,0.004599986876424677,0,1
2026-02-03,0.0082669139870525,0.00478984525583298,0,1
2026-02-04,0.0080081759591431,0.004953354084439539,0,0
2026-02-05,0.0064313087232311,0.005209547411861521,0,0
2026-02-06,0.0103634972817038,0.005153387154876762,0,1
2026-02-09,0.0099629122847731,0.006397267819274101,0,0
2026-02-10,0.0039994018815426,0.00636567123951987,0,0
2026-02-11,0.0040612943911499,0.006231463711802429,1,1
2026-02-12,0.0048374568724036,0.006092042183098354,1,1
2026-02-13,0.0074349929747771,0.006024306190426998,1,1
2026-02-17,0.0066846807575978,0.006017095492170631,0,0
2026-02-18,0.0043263356073218,0.00590112345021847,0,0
2026-02-19,0.0034961348055621,0.0058161535918179385,1,0
2026-02-20,0.0045081309352022,0.005682646037738294,1,1
2026-02-23,0.0056198278402687,0.005571815759914088,1,1
2026-02-24,0.0047519907140215,0.005460418518966455,0,0
2026-02-25,0.0088643942171516,0.00534516696187963,1,1
2026-02-26,0.0121058049128172,0.0052673743242789796,0,1
2026-02-27,0.0068219533352015,0.00597955980851664,0,0
